with	their	chained	to	with%their	their%chained	chained%to	arm%1:08:00::
under	his	and	come	under%his	his%and	and%come	arm%1:08:00::
raised	his	involuntarily	,	raised%his	his%involuntarily	involuntarily%,	arm%1:08:00::
under	your	and	wishing	under%your	your%and	and%wishing	arm%1:08:00::
searching	for	.	This	searching%for	for%.	.%This	arm%1:06:01::
to	the	of	the	to%the	the%of	of%the	arm%1:06:03::
on	her	swaying	heavily	on%her	her%swaying	swaying%heavily	arm%1:08:00::
by	the	.	Mr	by%the	the%.	.%Mr	arm%1:08:00::
Hjerson	's	.	I	Hjerson%'s	's%.	.%I	arm%1:08:00::
crossed	his	as	it	crossed%his	his%as	as%it	arm%1:08:00::
pinched	my	.	That	pinched%my	my%.	.%That	arm%1:08:00::
couples	,	in	<head>arm</head>	couples%,	,%in	in%<head>arm</head>	arm%1:08:00::
before	my	drop	off	before%my	my%drop	drop%off	arm%1:08:00::
as	throttle	paralysis	on	as%throttle	throttle%paralysis	paralysis%on	arm%1:06:03::
in	various	of	the	in%various	various%of	of%the	arm%1:14:00::
(	an	of	the	(%an	an%of	of%the	arm%1:14:00::
other	main	of	executive	other%main	main%of	of%executive	arm%1:14:00::
-	military	of	government	-%military	military%of	of%government	arm%1:14:00::
bruised	,	open	,	bruised%,	,%open	open%,	arm%1:08:00::
put	her	around	her	put%her	her%around	around%her	arm%1:08:00::
in	her	.	Sleep	in%her	her%.	.%Sleep	arm%1:08:00::
in	my	,	your	in%my	my%,	,%your	arm%1:08:00::
But	my	round	you	But%my	my%round	round%you	arm%1:08:00::
,	your	holding	me	,%your	your%holding	holding%me	arm%1:08:00::
in	her	.	And	in%her	her%.	.%And	arm%1:08:00::
in	your	,	then	in%your	your%,	,%then	arm%1:08:00::
wrapping	her	around	Lucy	wrapping%her	her%around	around%Lucy	arm%1:08:00::
wrap	both	round	Lucy	wrap%both	both%round	round%Lucy	arm%1:08:00::
into	her	and	Jay	into%her	her%and	and%Jay	arm%1:08:00::
's	slender	round	her	's%slender	slender%round	round%her	arm%1:08:00::
in	my	.	One	in%my	my%.	.%One	arm%1:08:00::
the	heavy	rest	around	the%heavy	heavy%rest	rest%around	arm%1:08:00::
extends	his	with	the	extends%his	his%with	with%the	arm%1:08:00::
Economy	of	movement	is	Economy%of	of%movement	movement%is	arm%1:08:00::
your	blocking	so	you	your%blocking	blocking%so	so%you	arm%1:08:00::
his	extended	with	your	his%extended	extended%with	with%your	arm%1:08:00::
front	barring	or	groin	front%barring	barring%or	or%groin	arm%1:08:00::
the	attacking	.	Do	the%attacking	attacking%.	.%Do	arm%1:08:00::
your	blocking	fully	as	your%blocking	blocking%fully	fully%as	arm%1:08:00::
on	his	with	rising	on%his	his%with	with%rising	arm%1:08:00::
merely	an	movement	,	merely%an	an%movement	movement%,	arm%1:08:00::
by	the	action	itself	by%the	the%action	action%itself	arm%1:08:00::
of	the	action	.	of%the	the%action	action%.	arm%1:08:00::
-	extended	is	sure	-%extended	extended%is	is%sure	arm%1:08:00::
of	pumping	and	legs	of%pumping	pumping%and	and%legs	arm%1:08:00::
legs	and	blown	off	legs%and	and%blown	blown%off	arm%1:08:00::
took	his	,	cleared	took%his	his%,	,%cleared	arm%1:08:00::
under	his	,	the	under%his	his%,	,%the	arm%1:08:00::
,	his	firmly	held	,%his	his%firmly	firmly%held	arm%1:08:00::
of	his	and	he	of%his	his%and	and%he	arm%1:08:00::
up	their	with	fists	up%their	their%with	with%fists	arm%1:08:00::
on	their	.	All	on%their	their%.	.%All	arm%1:08:00::
Hundreds	of	were	standing	Hundreds%of	of%were	were%standing	arm%1:08:00::
Hundreds	of	were	standing	Hundreds%of	of%were	were%standing	U
twisting	his	behind	him.	twisting%his	his%behind	behind%him.	arm%1:08:00::
took	his	and	told	took%his	his%and	and%told	arm%1:08:00::
in	the	.	No	in%the	the%.	.%No	arm%1:08:00::
,	their	pulled	down	,%their	their%pulled	pulled%down	arm%1:08:00::
had	her	round	Donald	had%her	her%round	round%Donald	arm%1:08:00::
had	his	round	his	had%his	his%round	round%his	arm%1:08:00::
of	his	.	Jean	of%his	his%.	.%Jean	arm%1:08:00::
on	their	;	they	on%their	their%;	;%they	arm%1:08:00::
and	strong	gone	?	and%strong	strong%gone	gone%?	arm%1:08:00::
raised	his	or	his	raised%his	his%or	or%his	arm%1:08:00::
lifted	an	now	and	lifted%an	an%now	now%and	arm%1:08:00::
up	in	against	their	up%in	in%against	against%their	arm%1:06:01::
texture	,	pulling	on	texture%,	,%pulling	pulling%on	arm%1:08:00::
out	her	and	spread	out%her	her%and	and%spread	arm%1:08:00::
,	her	curved	closely	,%her	her%curved	curved%closely	arm%1:08:00::
under	her	,	old	under%her	her%,	,%old	arm%1:08:00::
with	her	round	him	with%her	her%round	round%him	arm%1:08:00::
by	the	.	Then	by%the	the%.	.%Then	arm%1:08:00::
across	his	,	Donald	across%his	his%,	,%Donald	arm%1:08:00::
though	presenting	in	some	though%presenting	presenting%in	in%some	arm%1:06:01::
into	her	without	falling	into%her	her%without	without%falling	arm%1:08:00::
into	my	(	as	into%my	my%(	(%as	arm%1:08:00::
under	her	.	She	under%her	her%.	.%She	arm%1:08:00::
an	upholstered	protruding	there	an%upholstered	upholstered%protruding	protruding%there	arm%1:06:02::
massage	his	or	the	massage%his	his%or	or%the	arm%1:08:00::
on	the	of	the	on%the	the%of	of%the	arm%1:06:02::
think	my	will	be	think%my	my%will	will%be	arm%1:08:00::
,	his	was	strapped	,%his	his%was	was%strapped	arm%1:08:00::
my	left	was	trapped	my%left	left%was	was%trapped	arm%1:08:00::
it	at	's	length	it%at	at%'s	's%length	arm%1:08:00::
on	her	and	she	on%her	her%and	and%she	arm%1:08:00::
had	their	around	each	had%their	their%around	around%each	arm%1:08:00::
Rodney	's	round	her	Rodney%'s	's%round	round%her	arm%1:08:00::
on	its	.	He	on%its	its%.	.%He	arm%1:06:02::
-	warmed	.	The	-%warmed	warmed%.	.%The	arm%1:08:00::
hearthrug	of	and	legs	hearthrug%of	of%and	and%legs	arm%1:08:00::
raise	my	,	my	raise%my	my%,	,%my	arm%1:08:00::
puts	her	gingerly	and	puts%her	her%gingerly	gingerly%and	arm%1:08:00::
folded	her	round	him	folded%her	her%round	round%him	arm%1:08:00::
removing	his	from	her	removing%his	his%from	from%her	arm%1:08:00::
put	his	round	her	put%his	his%round	round%her	arm%1:08:00::
Steve	's	.	That	Steve%'s	's%.	.%That	arm%1:08:00::
under	his	A	wand	under%his	his%A	A%wand	arm%1:08:00::
have	your	round	me	have%your	your%round	round%me	arm%1:08:00::
put	his	round	me	put%his	his%round	round%me	arm%1:08:00::
taking	her	.	They	taking%her	her%.	.%They	arm%1:08:00::
to	the	helping	to	to%the	the%helping	helping%to	arm%1:08:00::
Using	the	alone	is	Using%the	the%alone	alone%is	arm%1:08:00::
with	your	above	your	with%your	your%above	above%your	arm%1:08:00::
with	your	by	your	with%your	your%by	by%your	arm%1:08:00::
and	your	in	a	and%your	your%in	in%a	arm%1:08:00::
and	the	straight	up.	and%the	the%straight	straight%up.	arm%1:08:00::
until	the	are	straight	until%the	the%are	are%straight	arm%1:08:00::
raise	your	out	to	raise%your	your%out	out%to	arm%1:08:00::
with	the	bent	and	with%the	the%bent	bent%and	arm%1:08:00::
until	the	are	straight	until%the	the%are	are%straight	arm%1:08:00::
raise	the	apart	until	raise%the	the%apart	apart%until	arm%1:08:00::
until	the	are	straight	until%the	the%are	are%straight	arm%1:08:00::
with	your	straight	down.	with%your	your%straight	straight%down.	arm%1:08:00::
,	the	are	hanging	,%the	the%are	are%hanging	arm%1:08:00::
the	upper	horizontal	,	the%upper	upper%horizontal	horizontal%,	arm%1:08:00::
with	your	holding	the	with%your	your%holding	holding%the	arm%1:08:00::
with	the	straight	down	with%the	the%straight	straight%down	arm%1:08:00::
with	your	out	straight	with%your	your%out	out%straight	arm%1:08:00::
until	your	are	straightened	until%your	your%are	are%straightened	arm%1:08:00::
bench	with	out	straight	bench%with	with%out	out%straight	arm%1:08:00::
keeping	the	straight	at	keeping%the	the%straight	straight%at	arm%1:08:00::
until	your	are	straight	until%your	your%are	are%straight	arm%1:08:00::
One	-	dumb	-	One%-	-%dumb	dumb%-	arm%1:08:00::
on	one	and	then	on%one	one%and	and%then	arm%1:08:00::
One	-	dumb	-	One%-	-%dumb	dumb%-	arm%1:08:00::
bend	your	,	lowering	bend%your	your%,	,%lowering	arm%1:08:00::
until	the	are	locked	until%the	the%are	are%locked	arm%1:08:00::
until	the	are	locked	until%the	the%are	are%locked	arm%1:08:00::
adduct	the	(	adduction	adduct%the	the%(	(%adduction	arm%1:08:00::
the	upper	across	the	the%upper	upper%across	across%the	arm%1:08:00::
or	his	because	he	or%his	his%because	because%he	arm%1:08:00::
draw	the	to	the	draw%the	the%to	to%the	arm%1:08:00::
that	the	are	drawn	that%the	the%are	are%drawn	arm%1:08:00::
and	single	rowing	.	and%single	single%rowing	rowing%.	arm%1:08:00::
the	upper	and	at	the%upper	upper%and	and%at	arm%1:08:00::
raise	the	to	the	raise%the	the%to	to%the	arm%1:08:00::
the	upper	while	the	the%upper	upper%while	while%the	arm%1:08:00::
.	Upper	training	should	.%Upper	Upper%training	training%should	arm%1:08:00::
bar	at	's	length	bar%at	at%'s	's%length	arm%1:08:00::
overtrain	the	.	More	overtrain%the	the%.	.%More	arm%1:08:00::
correcting	poor	development	it	correcting%poor	poor%development	development%it	arm%1:08:00::
its	free	into	the	its%free	free%into	into%the	arm%1:06:03::
,	on	and	legs	,%on	on%and	and%legs	arm%1:08:00::
radial	-	saw	is	radial%-	-%saw	saw%is	arm%1:06:03::
radial	-	for	clatters	radial%-	-%for	for%clatters	arm%1:06:03::
by	the	and	steered	by%the	the%and	and%steered	arm%1:08:00::
benches	within	's	reach	benches%within	within%'s	's%reach	arm%1:08:00::
that	the	never	cross	that%the	the%never	never%cross	arm%1:08:00::
as	the	flick	to	as%the	the%flick	flick%to	arm%1:08:00::
partner	's	as	she	partner%'s	's%as	as%she	arm%1:08:00::
than	rounded	,	they	than%rounded	rounded%,	,%they	arm%1:08:00::
seizes	her	and	draws	seizes%her	her%and	and%draws	arm%1:08:00::
and	angled	,	all	and%angled	angled%,	,%all	arm%1:08:00::
synchronisation	of	and	legs	synchronisation%of	of%and	and%legs	arm%1:08:00::
of	her	(	the	of%her	her%(	(%the	arm%1:08:00::
passing	the	through	1st	passing%the	the%through	through%1st	U
keep	the	rounded	except	keep%the	the%rounded	rounded%except	arm%1:08:00::
keep	the	rounded	except	keep%the	the%rounded	rounded%except	U
of	the	make	an	of%the	the%make	make%an	arm%1:08:00::
legs	or	,	or	legs%or	or%,	,%or	arm%1:08:00::
and	veiled	have	hidden	and%veiled	veiled%have	have%hidden	arm%1:08:00::
body	and	of	the	body%and	and%of	of%the	arm%1:08:00::
body	,	and	head	body%,	,%and	and%head	arm%1:08:00::
in	the	of	the	in%the	the%of	of%the	arm%1:08:00::
of	both	and	feet	of%both	both%and	and%feet	arm%1:08:00::
arched	,	in	closed	arched%,	,%in	in%closed	arm%1:08:00::
as	the	straighten	into	as%the	the%straighten	straighten%into	arm%1:08:00::
hands	and	drew	attention	hands%and	and%drew	drew%attention	arm%1:08:00::
on	the	of	her	on%the	the%of	of%her	arm%1:08:00::
out	,	linked	to	out%,	,%linked	linked%to	arm%1:08:00::
her	expressive	and	face	her%expressive	expressive%and	and%face	arm%1:08:00::
of	the	.	Ashton	of%the	the%.	.%Ashton	arm%1:08:00::
raised	his	widely	only	raised%his	his%widely	widely%only	arm%1:08:00::
other	's	all	the	other%'s	's%all	all%the	arm%1:08:00::
body	,	and	head	body%,	,%and	and%head	arm%1:08:00::
in	his	.	It	in%his	his%.	.%It	arm%1:08:00::
Romeo	's	are	in	Romeo%'s	's%are	are%in	arm%1:08:00::
body	and	should	move	body%and	and%should	should%move	arm%1:08:00::
body	and	rise	upwards	body%and	and%rise	rise%upwards	arm%1:08:00::
body	and	in	some	body%and	and%in	in%some	arm%1:08:00::
.	The	usually	change	.%The	The%usually	usually%change	U
,	the	will	be	,%the	the%will	will%be	arm%1:08:00::
front	the	will	change	front%the	the%will	will%change	arm%1:08:00::
but	their	and	legs	but%their	their%and	and%legs	arm%1:08:00::
hands	,	,	legs	hands%,	,%,	,%legs	arm%1:08:00::
your	right	's	for	your%right	right%'s	's%for	arm%1:08:00::
with	open	the	rebirth	with%open	open%the	the%rebirth	arm%1:08:00::
from	the	4	A	from%the	the%4	4%A	U
and	an	?	A	and%an	an%?	?%A	arm%1:08:00::
on	his	.	My	on%his	his%.	.%My	arm%1:08:00::
had	both	in	plaster	had%both	both%in	in%plaster	arm%1:08:00::
forth	His	to	us	forth%His	His%to	to%us	arm%1:08:00::
up	his	and	went	up%his	his%and	and%went	arm%1:08:00::
flung	her	round	my	flung%her	her%round	round%my	arm%1:08:00::
in	my	when	you	in%my	my%when	when%you	arm%1:08:00::
a	robot	to	interpret	a%robot	robot%to	to%interpret	arm%1:06:03::
allows	the	to	be	allows%the	the%to	to%be	arm%1:06:03::
and	lower	values	respectively	and%lower	lower%values	values%respectively	U
in	my	,	dead	in%my	my%,	,%dead	arm%1:08:00::
in	the	of	her	in%the	the%of	of%her	arm%1:08:00::
valorous	in	,	Disinterested	valorous%in	in%,	,%Disinterested	arm%1:06:01::
conducted	at	's	length	conducted%at	at%'s	's%length	arm%1:08:00::
video	distribution	,	Virgin	video%distribution	distribution%,	,%Virgin	arm%1:14:00::
Tones	up	,	shoulders	Tones%up	up%,	,%shoulders	arm%1:08:00::
-	muscular	,	square	-%muscular	muscular%,	,%square	arm%1:08:00::
to	supply	to	President	to%supply	supply%to	to%President	arm%1:06:01::
the	music	which	,	the%music	music%which	which%,	arm%1:14:00::
seized	his	and	legs	seized%his	his%and	and%legs	arm%1:08:00::
with	their	on	each	with%their	their%on	on%each	arm%1:08:00::
of	an	,	for	of%an	an%,	,%for	arm%1:08:00::
neither	her	nor	legs	neither%her	her%nor	nor%legs	arm%1:08:00::
up	an	conversion	agency	up%an	an%conversion	conversion%agency	arm%1:06:01::
with	open	,	or	with%open	open%,	,%or	arm%1:08:00::
or	any	.	Roy	or%any	any%.	.%Roy	U
secure	verifiable	reductions	.	secure%verifiable	verifiable%reductions	reductions%.	arm%1:06:01::
money	and	.	The	money%and	and%.	.%The	arm%1:06:01::
Navy	delivered	to	the	Navy%delivered	delivered%to	to%the	arm%1:06:01::
call	to	against	counter	call%to	to%against	against%counter	arm%1:06:01::
Georgina	's	,	were	Georgina%'s	's%,	,%were	arm%1:08:00::
baby	in	,	faced	baby%in	in%,	,%faced	arm%1:08:00::
feat	of	,	but	feat%of	of%,	,%but	U
Pizarro	's	.	None	Pizarro%'s	's%.	.%None	arm%1:08:00::
buying	American	firm	International	buying%American	American%firm	firm%International	arm%1:06:01::
into	the	of	those	into%the	the%of	of%those	arm%1:08:00::
a	French	dealer	.	a%French	French%dealer	dealer%.	arm%1:06:01::
supply	of	captured	by	supply%of	of%captured	captured%by	arm%1:06:01::
turned	to	dealing	in	turned%to	to%dealing	dealing%in	arm%1:06:01::
of	an	dealer	and	of%an	an%dealer	dealer%and	arm%1:06:01::
in	selling	,	makes	in%selling	selling%,	,%makes	arm%1:06:01::
Stewart	's	By	DEREK	Stewart%'s	's%By	By%DEREK	arm%1:08:00::
used	his	to	restrain	used%his	his%to	to%restrain	arm%1:08:00::
smiles	and	flung	out	smiles%and	and%flung	flung%out	arm%1:08:00::
in	their	,	but	in%their	their%,	,%but	arm%1:08:00::
physical	security	has	now	physical%security	security%has	has%now	arm%1:14:00::
owned	US	,	lost	owned%US	US%,	,%lost	arm%1:14:00::
and	political	of	the	and%political	political%of	of%the	arm%1:14:00::
down	their	and	form	down%their	their%and	and%form	arm%1:06:01::
of	strong	diplomacy	and	of%strong	strong%diplomacy	diplomacy%and	arm%1:08:00::
call	to	.	Some	call%to	to%.	.%Some	arm%1:06:01::
of	strong	to	manipulate	of%strong	strong%to	to%manipulate	arm%1:08:00::
SOME	GENTLE	-	twisting	SOME%GENTLE	GENTLE%-	-%twisting	arm%1:08:00::
rate	his	whirled	over	rate%his	his%whirled	whirled%over	arm%1:08:00::
crowd	bearing	was	one	crowd%bearing	bearing%was	was%one	arm%1:06:01::
the	British	,	Vauxhall	the%British	British%,	,%Vauxhall	arm%1:14:00::
the	legal	of	ETA	the%legal	legal%of	of%ETA	arm%1:14:00::
the	stockbroking	of	Barclays	the%stockbroking	stockbroking%of	of%Barclays	arm%1:14:00::
the	stockbroking	of	National	the%stockbroking	stockbroking%of	of%National	arm%1:14:00::
.	Its	supplies	from	.%Its	Its%supplies	supplies%from	arm%1:06:01::
continue	sending	until	the	continue%sending	sending%until	until%the	arm%1:06:01::
uniforms	,	,	a	uniforms%,	,%,	,%a	arm%1:06:01::
other	's	,	many	other%'s	's%,	,%many	arm%1:08:00::
waving	his	and	muttering	waving%his	his%and	and%muttering	arm%1:08:00::
the	phantom	contracts	which	the%phantom	phantom%contracts	contracts%which	arm%1:06:01::
the	stockbroking	of	Barclays	the%stockbroking	stockbroking%of	of%Barclays	arm%1:14:00::
the	phantom	contracts	that	the%phantom	phantom%contracts	contracts%that	arm%1:06:01::
Semtex	,	and	other	Semtex%,	,%and	and%other	arm%1:06:01::
the	political	of	the	the%political	political%of	of%the	arm%1:14:00::
management	consultancy	.	I	management%consultancy	consultancy%.	.%I	arm%1:14:00::
and	illicit	traffickers	.	and%illicit	illicit%traffickers	traffickers%.	arm%1:06:01::
left	-	spinners	,	left%-	-%spinners	spinners%,	arm%1:08:00::
father	's	enshrines	the	father%'s	's%enshrines	enshrines%the	arm%1:08:00::
investment	management	of	National	investment%management	management%of	of%National	arm%1:14:00::
investment	management	,	Lazards	investment%management	management%,	,%Lazards	arm%1:14:00::
,	wine	of	the	,%wine	wine%of	of%the	arm%1:14:00::
to	get	and	ammunition	to%get	get%and	and%ammunition	arm%1:06:01::
money	for	.	Asked	money%for	for%.	.%Asked	arm%1:06:01::
an	IRA	cache	discovered	an%IRA	IRA%cache	cache%discovered	arm%1:06:01::
pairs	of	will	churn	pairs%of	of%will	will%churn	arm%1:08:00::
to	carry	,	from	to%carry	carry%,	,%from	arm%1:06:01::
who	lost	and	legs	who%lost	lost%and	and%legs	arm%1:08:00::
with	one	up	a	with%one	one%up	up%a	arm%1:08:00::
losing	one	or	one	losing%one	one%or	or%one	arm%1:08:00::
lost	an	or	leg	lost%an	an%or	or%leg	arm%1:08:00::
,	his	by	his	,%his	his%by	by%his	arm%1:08:00::
pulled	my	out	there	pulled%my	my%out	out%there	arm%1:08:00::
hand	and	covered	with	hand%and	and%covered	covered%with	arm%1:08:00::
